{"cameraMode":{"drawMode":0,"name":"Shaded","section":"Shading Mode"},"sceneLighting":false,"audioPlay":false,"sceneViewState":{"m_AlwaysRefresh":false,"showFog":false,"showSkybox":false,"showFlares":false,"showImageEffects":false,"showParticleSystems":false,"showVisualEffectGraphs":true,"m_FxEnabled":true},"in2DMode":false,"pivot":{"x":-0.3935222923755646,"y":0.30778956413269045,"z":0.09866887331008911},"rotation":{"x":-0.0015434655360877514,"y":0.9911877512931824,"z":-0.1319141834974289,"w":-0.01159641146659851},"size":1.2318860292434693,"orthographic":false}