{"cameraMode":{"drawMode":0,"name":"Shaded","section":"Shading Mode"},"sceneLighting":false,"audioPlay":false,"sceneViewState":{"m_AlwaysRefresh":false,"showFog":true,"showSkybox":false,"showFlares":true,"showImageEffects":true,"showParticleSystems":true,"showVisualEffectGraphs":true,"m_FxEnabled":true},"in2DMode":false,"pivot":{"x":-0.23938512802124024,"y":1.0759072303771973,"z":-0.9386024475097656},"rotation":{"x":-0.0004990806337445974,"y":0.9080007076263428,"z":0.0010809318628162146,"w":0.41895970702171328},"size":2.4625465869903566,"orthographic":false}