{"cameraMode":{"drawMode":0,"name":"Shaded","section":"Shading Mode"},"sceneLighting":false,"audioPlay":false,"sceneViewState":{"m_AlwaysRefresh":false,"showFog":true,"showSkybox":false,"showFlares":true,"showImageEffects":true,"showParticleSystems":true,"showVisualEffectGraphs":true,"m_FxEnabled":true},"in2DMode":false,"pivot":{"x":0.0007864683866500855,"y":0.08847681432962418,"z":0.0020179711282253267},"rotation":{"x":-0.0015434655360877514,"y":0.9911877512931824,"z":-0.1319141834974289,"w":-0.01159641146659851},"size":0.12054674327373505,"orthographic":false}