{"cameraMode":{"drawMode":0,"name":"Shaded","section":"Shading Mode"},"sceneLighting":false,"audioPlay":false,"sceneViewState":{"m_AlwaysRefresh":false,"showFog":true,"showSkybox":false,"showFlares":true,"showImageEffects":true,"showParticleSystems":true,"showVisualEffectGraphs":true,"m_FxEnabled":true},"in2DMode":false,"pivot":{"x":423.2395324707031,"y":252.8599090576172,"z":87.05830383300781},"rotation":{"x":-0.0014997510006651283,"y":-0.0104997418820858,"z":-0.000015706627891631797,"w":0.9999426603317261},"size":99.40057373046875,"orthographic":false}