{"cameraMode":{"drawMode":0,"name":"Shaded","section":"Shading Mode"},"sceneLighting":false,"audioPlay":false,"sceneViewState":{"m_AlwaysRefresh":false,"showFog":true,"showSkybox":false,"showFlares":true,"showImageEffects":true,"showParticleSystems":true,"showVisualEffectGraphs":true,"m_FxEnabled":true},"in2DMode":false,"pivot":{"x":0.4348144829273224,"y":1.5195471048355103,"z":-1.688722848892212},"rotation":{"x":0.0002003937988774851,"y":0.9994757175445557,"z":-0.03180370107293129,"w":0.006297764368355274},"size":1.264756202697754,"orthographic":false}