{"cameraMode":{"drawMode":0,"name":"Shaded","section":"Shading Mode"},"sceneLighting":false,"audioPlay":false,"sceneViewState":{"m_AlwaysRefresh":false,"showFog":false,"showSkybox":false,"showFlares":false,"showImageEffects":false,"showParticleSystems":false,"showVisualEffectGraphs":true,"m_FxEnabled":true},"in2DMode":false,"pivot":{"x":-0.06838095188140869,"y":0.7744050025939941,"z":0.09937536716461182},"rotation":{"x":-0.014051069505512715,"y":0.9850285649299622,"z":-0.09814580529928208,"w":-0.1410219818353653},"size":0.8257634043693543,"orthographic":false}