{"cameraMode":{"drawMode":0,"name":"Shaded","section":"Shading Mode"},"sceneLighting":false,"audioPlay":false,"sceneViewState":{"m_AlwaysRefresh":false,"showFog":true,"showSkybox":false,"showFlares":true,"showImageEffects":true,"showParticleSystems":true,"showVisualEffectGraphs":true,"m_FxEnabled":true},"in2DMode":false,"pivot":{"x":-0.4269986152648926,"y":0.9499485492706299,"z":0.09639996290206909},"rotation":{"x":-0.002855511149391532,"y":0.9949224591255188,"z":-0.09611783176660538,"w":-0.02955693006515503},"size":0.9109025001525879,"orthographic":false}