{"cameraMode":{"drawMode":0,"name":"Shaded","section":"Shading Mode"},"sceneLighting":false,"audioPlay":false,"sceneViewState":{"m_AlwaysRefresh":false,"showFog":true,"showSkybox":false,"showFlares":true,"showImageEffects":true,"showParticleSystems":true,"showVisualEffectGraphs":true,"m_FxEnabled":true},"in2DMode":false,"pivot":{"x":-3.5420002937316896,"y":0.9102780222892761,"z":0.003664836287498474},"rotation":{"x":-0.0015434655360877514,"y":0.9911877512931824,"z":-0.1319141834974289,"w":-0.01159641146659851},"size":1.368687391281128,"orthographic":false}