{"cameraMode":{"drawMode":0,"name":"Shaded","section":"Shading Mode"},"sceneLighting":false,"audioPlay":false,"sceneViewState":{"m_AlwaysRefresh":false,"showFog":true,"showSkybox":false,"showFlares":true,"showImageEffects":true,"showParticleSystems":true,"showVisualEffectGraphs":true,"m_FxEnabled":true},"in2DMode":false,"pivot":{"x":0.037135034799575809,"y":0.9070899486541748,"z":-0.6310261487960815},"rotation":{"x":-0.006166372913867235,"y":-0.9934755563735962,"z":0.09296968579292298,"w":-0.0659257173538208},"size":1.375467300415039,"orthographic":false}