{"cameraMode":{"drawMode":0,"name":"Shaded","section":"Shading Mode"},"sceneLighting":false,"audioPlay":false,"sceneViewState":{"m_AlwaysRefresh":false,"showFog":true,"showSkybox":false,"showFlares":true,"showImageEffects":true,"showParticleSystems":true,"showVisualEffectGraphs":true,"m_FxEnabled":true},"in2DMode":false,"pivot":{"x":-0.2047865390777588,"y":1.9536991119384766,"z":-0.00828474760055542},"rotation":{"x":-0.04048358276486397,"y":0.9155598878860474,"z":-0.0953899398446083,"w":-0.3886756896972656},"size":0.2812213897705078,"orthographic":false}