{"cameraMode":{"drawMode":0,"name":"Shaded","section":"Shading Mode"},"sceneLighting":false,"audioPlay":false,"sceneViewState":{"m_AlwaysRefresh":false,"showFog":true,"showSkybox":false,"showFlares":true,"showImageEffects":true,"showParticleSystems":true,"showVisualEffectGraphs":true,"m_FxEnabled":true},"in2DMode":false,"pivot":{"x":-0.03658619895577431,"y":1.0274853706359864,"z":0.05929398536682129},"rotation":{"x":-0.0004926216206513345,"y":0.9987759590148926,"z":-0.04828793928027153,"w":-0.010186859406530857},"size":0.7561449408531189,"orthographic":false}