{"cameraMode":{"drawMode":0,"name":"Shaded","section":"Shading Mode"},"sceneLighting":false,"audioPlay":false,"sceneViewState":{"m_AlwaysRefresh":false,"showFog":true,"showSkybox":false,"showFlares":true,"showImageEffects":true,"showParticleSystems":true,"showVisualEffectGraphs":true,"m_FxEnabled":true},"in2DMode":false,"pivot":{"x":0.027991220355033876,"y":-0.05933782458305359,"z":0.056961268186569217},"rotation":{"x":-0.4189901053905487,"y":-0.18922951817512513,"z":0.08974594622850418,"w":-0.8835474252700806},"size":0.3504124879837036,"orthographic":false}