{"cameraMode":{"drawMode":0,"name":"Shaded","section":"Shading Mode"},"sceneLighting":false,"audioPlay":false,"sceneViewState":{"m_AlwaysRefresh":false,"showFog":true,"showSkybox":false,"showFlares":true,"showImageEffects":true,"showParticleSystems":true,"showVisualEffectGraphs":true,"m_FxEnabled":true},"in2DMode":false,"pivot":{"x":2.0463969707489015,"y":6.572807312011719,"z":-7.956878662109375},"rotation":{"x":0.000548310112208128,"y":0.9861100316047669,"z":-0.16603532433509828,"w":0.003255163785070181},"size":102.74085998535156,"orthographic":false}