{"cameraMode":{"drawMode":0,"name":"Shaded","section":"Shading Mode"},"sceneLighting":false,"audioPlay":false,"sceneViewState":{"m_AlwaysRefresh":false,"showFog":true,"showSkybox":false,"showFlares":true,"showImageEffects":true,"showParticleSystems":true,"showVisualEffectGraphs":true,"m_FxEnabled":true},"in2DMode":false,"pivot":{"x":-0.34351253509521487,"y":2.707073211669922,"z":-10.287712097167969},"rotation":{"x":-0.054844100028276446,"y":0.9445865154266357,"z":-0.2450292855501175,"w":-0.21142539381980897},"size":24.493850708007814,"orthographic":false}