{"cameraMode":{"drawMode":0,"name":"Shaded","section":"Shading Mode"},"sceneLighting":false,"audioPlay":false,"sceneViewState":{"showFog":true,"showMaterialUpdate":false,"showSkybox":false,"showFlares":true,"showImageEffects":true,"showParticleSystems":true},"in2DMode":false,"pivot":{"x":0.546299934387207,"y":-1.5377931594848633,"z":3.189124822616577},"rotation":{"x":0.20050881803035737,"y":0.6446157097816467,"z":-0.18070606887340547,"w":0.7152707576751709},"size":19.45623779296875,"orthographic":false}