{"cameraMode":{"drawMode":0,"name":"Shaded","section":"Shading Mode"},"sceneLighting":false,"audioPlay":false,"sceneViewState":{"showFog":true,"showMaterialUpdate":false,"showSkybox":false,"showFlares":true,"showImageEffects":true,"showParticleSystems":true},"in2DMode":false,"pivot":{"x":1.0001227855682374,"y":-3.2967915534973146,"z":8.592716217041016},"rotation":{"x":0.20727083086967469,"y":0.01612968184053898,"z":-0.0034205615520477297,"w":0.9781447052955627},"size":14.832911491394043,"orthographic":false}