{"cameraMode":{"drawMode":0,"name":"Shaded","section":"Shading Mode"},"sceneLighting":false,"audioPlay":false,"sceneViewState":{"showFog":true,"showMaterialUpdate":false,"showSkybox":false,"showFlares":true,"showImageEffects":true,"showParticleSystems":true},"in2DMode":false,"pivot":{"x":-1.0170783996582032,"y":-2.112398147583008,"z":-0.7998461723327637},"rotation":{"x":0.1919330209493637,"y":-0.6089814305305481,"z":0.15505065023899079,"w":0.7538319826126099},"size":28.214365005493165,"orthographic":false}