{"cameraMode":{"drawMode":0,"name":"Shaded","section":"Shading Mode"},"sceneLighting":false,"audioPlay":false,"sceneViewState":{"showFog":true,"showMaterialUpdate":false,"showSkybox":false,"showFlares":true,"showImageEffects":true,"showParticleSystems":true},"in2DMode":false,"pivot":{"x":-1.3439321517944337,"y":0.19308027625083924,"z":10.454957008361817},"rotation":{"x":0.010807358659803868,"y":-0.031500134617090228,"z":0.0003386943426448852,"w":0.9994452595710754},"size":14.947212219238282,"orthographic":false}