{"cameraMode":{"drawMode":0,"name":"Shaded","section":"Shading Mode"},"sceneLighting":false,"audioPlay":false,"sceneViewState":{"showFog":true,"showMaterialUpdate":false,"showSkybox":false,"showFlares":true,"showImageEffects":true,"showParticleSystems":true},"in2DMode":false,"pivot":{"x":-4.54343318939209,"y":1.6212239265441895,"z":3.1804304122924806},"rotation":{"x":-0.04744336009025574,"y":0.9310910105705261,"z":-0.13103467226028443,"w":-0.3371180295944214},"size":12.474637985229493,"orthographic":false}