{"cameraMode":{"drawMode":0,"name":"Shaded","section":"Shading Mode"},"sceneLighting":false,"audioPlay":false,"sceneViewState":{"showFog":true,"showMaterialUpdate":false,"showSkybox":false,"showFlares":true,"showImageEffects":true,"showParticleSystems":true},"in2DMode":false,"pivot":{"x":-1.2751705646514893,"y":-0.639767587184906,"z":-0.9277229309082031},"rotation":{"x":-0.00908562634140253,"y":0.9908270835876465,"z":-0.10173279047012329,"w":-0.0884854644536972},"size":15.210373878479004,"orthographic":false}