{"cameraMode":{"drawMode":0,"name":"Shaded","section":"Shading Mode"},"sceneLighting":false,"audioPlay":false,"sceneViewState":{"showFog":true,"showMaterialUpdate":false,"showSkybox":false,"showFlares":true,"showImageEffects":true,"showParticleSystems":true},"in2DMode":false,"pivot":{"x":-1.2067190408706666,"y":-0.8923245072364807,"z":-1.7711559534072877},"rotation":{"x":-0.05859864875674248,"y":0.9364166259765625,"z":-0.18963554501533509,"w":-0.289358913898468},"size":2.356903553009033,"orthographic":false}