{"cameraMode":{"drawMode":0,"name":"Shaded","section":"Shading Mode"},"sceneLighting":false,"audioPlay":false,"sceneViewState":{"showFog":true,"showMaterialUpdate":false,"showSkybox":false,"showFlares":true,"showImageEffects":true,"showParticleSystems":true},"in2DMode":false,"pivot":{"x":4.337605953216553,"y":2.962322235107422,"z":3.4559483528137209},"rotation":{"x":-0.15526562929153443,"y":0.24125702679157258,"z":-0.03913552686572075,"w":-0.9571604132652283},"size":3.874060869216919,"orthographic":false}