{"cameraMode":{"drawMode":0,"name":"Shaded","section":"Shading Mode"},"sceneLighting":false,"audioPlay":false,"sceneViewState":{"showFog":true,"showMaterialUpdate":false,"showSkybox":false,"showFlares":true,"showImageEffects":true,"showParticleSystems":true},"in2DMode":false,"pivot":{"x":-17.473148345947267,"y":73.54159545898438,"z":-44.47941970825195},"rotation":{"x":0.027619417756795884,"y":-0.9715012907981873,"z":0.14415673911571504,"w":0.18612203001976014},"size":72.07598876953125,"orthographic":false}