{"cameraMode":{"drawMode":0,"name":"Shaded","section":"Shading Mode"},"sceneLighting":false,"audioPlay":false,"sceneViewState":{"showFog":true,"showMaterialUpdate":false,"showSkybox":false,"showFlares":true,"showImageEffects":true,"showParticleSystems":true},"in2DMode":false,"pivot":{"x":0.0922996997833252,"y":2.8990001678466799,"z":14.50438404083252},"rotation":{"x":-0.21593154966831208,"y":0.11918121576309204,"z":-0.026565494015812875,"w":-0.9687433838844299},"size":58.523223876953128,"orthographic":false}