{"cameraMode":{"drawMode":0,"name":"Shaded","section":"Shading Mode"},"sceneLighting":false,"audioPlay":false,"sceneViewState":{"showFog":true,"showMaterialUpdate":false,"showSkybox":false,"showFlares":true,"showImageEffects":true,"showParticleSystems":true},"in2DMode":false,"pivot":{"x":178.47027587890626,"y":-116.54096984863281,"z":17.16276741027832},"rotation":{"x":0.20050881803035737,"y":0.6446157097816467,"z":-0.18070606887340547,"w":0.7152707576751709},"size":576.2086791992188,"orthographic":false}