{"cameraMode":{"drawMode":0,"name":"Shaded","section":"Shading Mode"},"sceneLighting":false,"audioPlay":false,"sceneViewState":{"showFog":true,"showMaterialUpdate":false,"showSkybox":false,"showFlares":true,"showImageEffects":true,"showParticleSystems":true},"in2DMode":false,"pivot":{"x":-6.518870830535889,"y":-2.9144766330718996,"z":-5.163127422332764},"rotation":{"x":0.08941321820020676,"y":-0.8814311623573303,"z":0.1853984147310257,"w":0.4251575171947479},"size":4.9426469802856449,"orthographic":false}