{"cameraMode":{"drawMode":0,"name":"Shaded","section":"Shading Mode"},"sceneLighting":false,"audioPlay":false,"sceneViewState":{"showFog":true,"showMaterialUpdate":false,"showSkybox":false,"showFlares":true,"showImageEffects":true,"showParticleSystems":true},"in2DMode":false,"pivot":{"x":394.2628173828125,"y":114.86479949951172,"z":-87.05361938476563},"rotation":{"x":0.0016473960131406785,"y":0.9967381954193115,"z":-0.07821343094110489,"w":0.020602602511644365},"size":169.19712829589845,"orthographic":false}