{"cameraMode":{"drawMode":0,"name":"Shaded","section":"Shading Mode"},"sceneLighting":false,"audioPlay":false,"sceneViewState":{"showFog":true,"showMaterialUpdate":false,"showSkybox":false,"showFlares":true,"showImageEffects":true,"showParticleSystems":true},"in2DMode":false,"pivot":{"x":-0.29768604040145876,"y":-0.44166797399520876,"z":-0.824241578578949},"rotation":{"x":0.03607940301299095,"y":-0.9612389802932739,"z":0.22639915347099305,"w":0.153262659907341},"size":0.8853933215141296,"orthographic":false}