{"cameraMode":{"drawMode":0,"name":"Shaded","section":"Shading Mode"},"sceneLighting":false,"audioPlay":false,"sceneViewState":{"showFog":true,"showMaterialUpdate":false,"showSkybox":false,"showFlares":true,"showImageEffects":true,"showParticleSystems":true},"in2DMode":false,"pivot":{"x":-2.6755661964416506,"y":0.9939316511154175,"z":-1.4153071641921998},"rotation":{"x":-0.04158446192741394,"y":0.8711454272270203,"z":-0.07494139671325684,"w":-0.48351600766181948},"size":2.27424955368042,"orthographic":false}