{"cameraMode":{"drawMode":0,"name":"Shaded","section":"Shading Mode"},"sceneLighting":false,"audioPlay":false,"sceneViewState":{"showFog":true,"showMaterialUpdate":false,"showSkybox":false,"showFlares":true,"showImageEffects":true,"showParticleSystems":true},"in2DMode":false,"pivot":{"x":-0.022749263793230058,"y":1.5495643615722657,"z":0.06469649076461792},"rotation":{"x":0.0009960291208699346,"y":-0.985878050327301,"z":0.16751828789710999,"w":0.005972049664705992},"size":0.3196348547935486,"orthographic":false}