{"cameraMode":{"drawMode":0,"name":"Shaded","section":"Shading Mode"},"sceneLighting":false,"audioPlay":false,"sceneViewState":{"showFog":true,"showMaterialUpdate":false,"showSkybox":false,"showFlares":true,"showImageEffects":true,"showParticleSystems":true},"in2DMode":false,"pivot":{"x":-1.3970438241958619,"y":0.4443701505661011,"z":-5.589895248413086},"rotation":{"x":0.011185002513229847,"y":-0.9879163503646851,"z":0.0894964411854744,"w":0.12647977471351624},"size":3.6000170707702638,"orthographic":false}