{"cameraMode":{"drawMode":0,"name":"Shaded","section":"Shading Mode"},"sceneLighting":false,"audioPlay":false,"sceneViewState":{"showFog":true,"showMaterialUpdate":false,"showSkybox":false,"showFlares":true,"showImageEffects":true,"showParticleSystems":true},"in2DMode":false,"pivot":{"x":-0.8234607577323914,"y":-0.34000658988952639,"z":-0.2237141728401184},"rotation":{"x":0.10803206264972687,"y":-0.8012237548828125,"z":0.15228211879730225,"w":0.5685136318206787},"size":0.8853933215141296,"orthographic":false}