{"cameraMode":{"drawMode":0,"name":"Shaded","section":"Shading Mode"},"sceneLighting":false,"audioPlay":false,"sceneViewState":{"showFog":true,"showMaterialUpdate":false,"showSkybox":false,"showFlares":true,"showImageEffects":true,"showParticleSystems":true},"in2DMode":false,"pivot":{"x":-0.008741617202758789,"y":1.2414631843566895,"z":-0.41812223196029665},"rotation":{"x":0.012645281851291657,"y":0.9820261001586914,"z":-0.17445020377635957,"w":0.07112286239862442},"size":0.9839140772819519,"orthographic":false}