{"cameraMode":{"drawMode":0,"name":"Shaded","section":"Shading Mode"},"sceneLighting":false,"audioPlay":false,"sceneViewState":{"showFog":true,"showMaterialUpdate":false,"showSkybox":false,"showFlares":true,"showImageEffects":true,"showParticleSystems":true},"in2DMode":false,"pivot":{"x":-0.6186595559120178,"y":0.7974193096160889,"z":0.534417986869812},"rotation":{"x":-0.1803595870733261,"y":0.7673259377479553,"z":-0.24522049725055695,"w":-0.5644246935844421},"size":1.3742496967315674,"orthographic":false}