{"cameraMode":{"drawMode":0,"name":"Shaded","section":"Shading Mode"},"sceneLighting":false,"audioPlay":false,"sceneViewState":{"showFog":true,"showMaterialUpdate":false,"showSkybox":false,"showFlares":true,"showImageEffects":true,"showParticleSystems":true},"in2DMode":false,"pivot":{"x":-0.2521132528781891,"y":-3.773510456085205,"z":-20.413057327270509},"rotation":{"x":0.0009111607796512544,"y":0.9923972487449646,"z":-0.12299557775259018,"w":0.007111739832907915},"size":12.388667106628418,"orthographic":false}