{"cameraMode":{"drawMode":0,"name":"Shaded","section":"Shading Mode"},"sceneLighting":false,"audioPlay":false,"sceneViewState":{"showFog":true,"showMaterialUpdate":false,"showSkybox":false,"showFlares":true,"showImageEffects":true,"showParticleSystems":true},"in2DMode":false,"pivot":{"x":-0.6341152191162109,"y":1.1942732334136963,"z":0.6546823978424072},"rotation":{"x":-0.004291533958166838,"y":0.9173978567123413,"z":-0.009921303950250149,"w":-0.3978571593761444},"size":1.3974249362945557,"orthographic":false}