{"cameraMode":{"drawMode":0,"name":"Shaded","section":"Shading Mode"},"sceneLighting":false,"audioPlay":false,"sceneViewState":{"showFog":true,"showMaterialUpdate":false,"showSkybox":false,"showFlares":true,"showImageEffects":true,"showParticleSystems":true},"in2DMode":false,"pivot":{"x":0.01825055480003357,"y":1.4762639999389649,"z":-0.1519402265548706},"rotation":{"x":-0.008834227919578553,"y":0.9907431602478027,"z":-0.1092323511838913,"w":-0.08012625575065613},"size":0.9130241274833679,"orthographic":false}