{"cameraMode":{"drawMode":0,"name":"Shaded","section":"Shading Mode"},"sceneLighting":false,"audioPlay":false,"sceneViewState":{"showFog":true,"showMaterialUpdate":false,"showSkybox":false,"showFlares":true,"showImageEffects":true,"showParticleSystems":true},"in2DMode":false,"pivot":{"x":0.14149922132492066,"y":1.34368896484375,"z":-0.03289312124252319},"rotation":{"x":-0.004435667768120766,"y":0.9778724908828735,"z":-0.020841026678681375,"w":-0.2081187516450882},"size":1.7425346374511719,"orthographic":false}