{"cameraMode":{"drawMode":0,"name":"Shaded","section":"Shading Mode"},"sceneLighting":false,"audioPlay":false,"sceneViewState":{"showFog":true,"showMaterialUpdate":false,"showSkybox":false,"showFlares":true,"showImageEffects":true,"showParticleSystems":true},"in2DMode":false,"pivot":{"x":0.05428446829319,"y":-0.8906773328781128,"z":-1.4323325157165528},"rotation":{"x":0.005660635884851217,"y":0.9684669971466065,"z":-0.2481255978345871,"w":0.022085163742303849},"size":2.714142322540283,"orthographic":false}