{"cameraMode":{"drawMode":0,"name":"Shaded","section":"Shading Mode"},"sceneLighting":false,"audioPlay":false,"sceneViewState":{"showFog":true,"showMaterialUpdate":false,"showSkybox":false,"showFlares":true,"showImageEffects":true,"showParticleSystems":true},"in2DMode":false,"pivot":{"x":-11.43017864227295,"y":-5.625193119049072,"z":-16.43803596496582},"rotation":{"x":0.04327606409788132,"y":-0.9493963122367859,"z":0.1510843187570572,"w":0.2720339298248291},"size":12.114971160888672,"orthographic":false}