{"cameraMode":{"drawMode":0,"name":"Shaded","section":"Shading Mode"},"sceneLighting":false,"audioPlay":false,"sceneViewState":{"showFog":true,"showMaterialUpdate":false,"showSkybox":false,"showFlares":true,"showImageEffects":true,"showParticleSystems":true},"in2DMode":false,"pivot":{"x":-6.142530918121338,"y":1.0066003799438477,"z":-5.1052565574646},"rotation":{"x":-0.004291533958166838,"y":0.9173978567123413,"z":-0.009921303950250149,"w":-0.3978571593761444},"size":4.668056011199951,"orthographic":false}