{"cameraMode":{"drawMode":0,"name":"Shaded","section":"Shading Mode"},"sceneLighting":false,"audioPlay":false,"sceneViewState":{"showFog":true,"showMaterialUpdate":false,"showSkybox":false,"showFlares":true,"showImageEffects":true,"showParticleSystems":true},"in2DMode":false,"pivot":{"x":-0.18308931589126588,"y":1.50225830078125,"z":-0.03319275379180908},"rotation":{"x":0.010381908155977726,"y":-0.9445953369140625,"z":0.03006364405155182,"w":0.32677510380744936},"size":0.31963497400283816,"orthographic":false}