{"cameraMode":{"drawMode":0,"name":"Shaded","section":"Shading Mode"},"sceneLighting":false,"audioPlay":false,"sceneViewState":{"showFog":true,"showMaterialUpdate":false,"showSkybox":false,"showFlares":true,"showImageEffects":true,"showParticleSystems":true},"in2DMode":false,"pivot":{"x":0.0923001766204834,"y":2.8989992141723635,"z":7.6560893058776859},"rotation":{"x":-0.04649896174669266,"y":0.9514616131782532,"z":-0.18082469701766969,"w":-0.2446707934141159},"size":13.325398445129395,"orthographic":false}