{"cameraMode":{"drawMode":0,"name":"Shaded","section":"Shading Mode"},"sceneLighting":false,"audioPlay":false,"sceneViewState":{"showFog":true,"showMaterialUpdate":false,"showSkybox":false,"showFlares":true,"showImageEffects":true,"showParticleSystems":true},"in2DMode":false,"pivot":{"x":-7.753044128417969,"y":-0.12001162767410279,"z":-0.38881322741508486},"rotation":{"x":-0.032893165946006778,"y":0.7103556990623474,"z":-0.03328130394220352,"w":-0.7023062705993652},"size":4.789231777191162,"orthographic":false}