{"cameraMode":{"drawMode":0,"name":"Shaded","section":"Shading Mode"},"sceneLighting":false,"audioPlay":false,"sceneViewState":{"showFog":true,"showMaterialUpdate":false,"showSkybox":false,"showFlares":true,"showImageEffects":true,"showParticleSystems":true},"in2DMode":false,"pivot":{"x":-119.13677978515625,"y":-43.847110748291019,"z":35.654571533203128},"rotation":{"x":0.1347077488899231,"y":-0.6353594064712524,"z":0.11387540400028229,"w":0.7518643140792847},"size":75.98436737060547,"orthographic":false}