{"cameraMode":{"drawMode":0,"name":"Shaded","section":"Shading Mode"},"sceneLighting":false,"audioPlay":false,"sceneViewState":{"showFog":true,"showMaterialUpdate":false,"showSkybox":false,"showFlares":true,"showImageEffects":true,"showParticleSystems":true},"in2DMode":false,"pivot":{"x":0.00001588009763509035,"y":0.0009350712061859667,"z":0.00004562590038403869},"rotation":{"x":-0.0763549655675888,"y":0.9108959436416626,"z":-0.19587484002113343,"w":-0.3550851047039032},"size":1.2018883228302003,"orthographic":false}