{"cameraMode":{"drawMode":0,"name":"Shaded","section":"Shading Mode"},"sceneLighting":false,"audioPlay":false,"sceneViewState":{"showFog":true,"showMaterialUpdate":false,"showSkybox":false,"showFlares":true,"showImageEffects":true,"showParticleSystems":true},"in2DMode":false,"pivot":{"x":-7.999921798706055,"y":-14.558477401733399,"z":40.30854034423828},"rotation":{"x":-0.19532732665538789,"y":0.12808462977409364,"z":-0.025788506492972375,"w":-0.9720452427864075},"size":36.2850341796875,"orthographic":false}