{"cameraMode":{"drawMode":0,"name":"Shaded","section":"Shading Mode"},"sceneLighting":false,"audioPlay":false,"sceneViewState":{"showFog":true,"showMaterialUpdate":false,"showSkybox":false,"showFlares":true,"showImageEffects":true,"showParticleSystems":true},"in2DMode":false,"pivot":{"x":-0.08450254797935486,"y":0.8872120380401611,"z":-0.3763866424560547},"rotation":{"x":-0.0019156276248395444,"y":-0.9800743460655212,"z":0.19847659766674043,"w":-0.00938327331095934},"size":1.2000174522399903,"orthographic":false}