{"cameraMode":{"drawMode":0,"name":"Shaded","section":"Shading Mode"},"sceneLighting":false,"audioPlay":false,"sceneViewState":{"showFog":true,"showMaterialUpdate":false,"showSkybox":false,"showFlares":true,"showImageEffects":true,"showParticleSystems":true},"in2DMode":false,"pivot":{"x":0.0007864683866500855,"y":0.17179197072982789,"z":0.00860738754272461},"rotation":{"x":0.0004180632531642914,"y":0.9964503049850464,"z":-0.08421012759208679,"w":0.004781992640346289},"size":0.1974249631166458,"orthographic":false}