{"cameraMode":{"drawMode":0,"name":"Shaded","section":"Shading Mode"},"sceneLighting":false,"audioPlay":false,"sceneViewState":{"showFog":true,"showMaterialUpdate":false,"showSkybox":false,"showFlares":true,"showImageEffects":true,"showParticleSystems":true},"in2DMode":false,"pivot":{"x":-2.602782726287842,"y":2.890000581741333,"z":12.848230361938477},"rotation":{"x":0.1463107019662857,"y":-0.7634396553039551,"z":0.1858738511800766,"w":0.6010286808013916},"size":8.74350643157959,"orthographic":false}