{"cameraMode":{"drawMode":0,"name":"Shaded","section":"Shading Mode"},"sceneLighting":false,"audioPlay":false,"sceneViewState":{"showFog":true,"showMaterialUpdate":false,"showSkybox":false,"showFlares":true,"showImageEffects":true,"showParticleSystems":true},"in2DMode":false,"pivot":{"x":0.061405129730701449,"y":1.7021381855010987,"z":0.26023730635643008},"rotation":{"x":0.0005706500960513949,"y":-0.9984142780303955,"z":0.055779896676540378,"w":0.010539043694734574},"size":3.8927242755889894,"orthographic":false}