{"cameraMode":{"drawMode":0,"name":"Shaded","section":"Shading Mode"},"sceneLighting":false,"audioPlay":false,"sceneViewState":{"showFog":true,"showMaterialUpdate":false,"showSkybox":false,"showFlares":true,"showImageEffects":true,"showParticleSystems":true},"in2DMode":false,"pivot":{"x":-0.33152592182159426,"y":-0.6624943017959595,"z":-0.8294769525527954},"rotation":{"x":-0.061432451009750369,"y":0.9385380148887634,"z":-0.23596259951591493,"w":-0.24435214698314668},"size":1.448549509048462,"orthographic":false}