{"cameraMode":{"drawMode":0,"name":"Shaded","section":"Shading Mode"},"sceneLighting":false,"audioPlay":false,"sceneViewState":{"showFog":true,"showMaterialUpdate":false,"showSkybox":false,"showFlares":true,"showImageEffects":true,"showParticleSystems":true},"in2DMode":false,"pivot":{"x":-3.965928792953491,"y":3.0991623401641847,"z":0.3937710225582123},"rotation":{"x":-0.37696030735969546,"y":-0.5977227687835693,"z":0.37582895159721377,"w":-0.5995071530342102},"size":2.5493690967559816,"orthographic":false}