{"cameraMode":{"drawMode":0,"name":"Shaded","section":"Shading Mode"},"sceneLighting":false,"audioPlay":false,"sceneViewState":{"showFog":true,"showMaterialUpdate":false,"showSkybox":false,"showFlares":true,"showImageEffects":true,"showParticleSystems":true},"in2DMode":false,"pivot":{"x":-0.1547318696975708,"y":0.4514920115470886,"z":-0.05116578936576843},"rotation":{"x":0.0004180632531642914,"y":0.9964503049850464,"z":-0.08421012759208679,"w":0.004781992640346289},"size":2.7839138507843019,"orthographic":false}