{"cameraMode":{"drawMode":0,"name":"Shaded","section":"Shading Mode"},"sceneLighting":false,"audioPlay":false,"sceneViewState":{"showFog":true,"showMaterialUpdate":false,"showSkybox":false,"showFlares":true,"showImageEffects":true,"showParticleSystems":true},"in2DMode":false,"pivot":{"x":16.016551971435548,"y":-1.7692925930023194,"z":-0.5154823660850525},"rotation":{"x":-0.05513682961463928,"y":-0.7201787233352661,"z":0.05758819729089737,"w":-0.6892307996749878},"size":9.278069496154786,"orthographic":false}