{"cameraMode":{"drawMode":0,"name":"Shaded","section":"Shading Mode"},"sceneLighting":false,"audioPlay":false,"sceneViewState":{"showFog":true,"showMaterialUpdate":false,"showSkybox":false,"showFlares":true,"showImageEffects":true,"showParticleSystems":true},"in2DMode":false,"pivot":{"x":-51.3916015625,"y":-150.76727294921876,"z":62.90550994873047},"rotation":{"x":0.12561246752738954,"y":0.6291501522064209,"z":-0.7599911689758301,"w":0.10398704558610916},"size":231.07574462890626,"orthographic":false}