{"cameraMode":{"drawMode":0,"name":"Shaded","section":"Shading Mode"},"sceneLighting":false,"audioPlay":false,"sceneViewState":{"showFog":true,"showMaterialUpdate":false,"showSkybox":false,"showFlares":true,"showImageEffects":true,"showParticleSystems":true},"in2DMode":false,"pivot":{"x":386.8058166503906,"y":133.31517028808595,"z":52.77976989746094},"rotation":{"x":0.0009758779779076576,"y":0.9956137537956238,"z":-0.0931704193353653,"w":0.010122712701559067},"size":44.248409271240237,"orthographic":false}