{"cameraMode":{"drawMode":0,"name":"Shaded","section":"Shading Mode"},"sceneLighting":false,"audioPlay":false,"sceneViewState":{"showFog":true,"showMaterialUpdate":false,"showSkybox":false,"showFlares":true,"showImageEffects":true,"showParticleSystems":true},"in2DMode":false,"pivot":{"x":12.150498390197754,"y":-41.006221771240237,"z":48.102813720703128},"rotation":{"x":-0.33928266167640688,"y":-0.10246102511882782,"z":0.037200916558504108,"w":-0.9343673586845398},"size":34.13575744628906,"orthographic":false}