{"cameraMode":{"drawMode":0,"name":"Shaded","section":"Shading Mode"},"sceneLighting":false,"audioPlay":false,"sceneViewState":{"showFog":true,"showMaterialUpdate":false,"showSkybox":false,"showFlares":true,"showImageEffects":true,"showParticleSystems":true},"in2DMode":false,"pivot":{"x":0.8393584489822388,"y":-0.765953540802002,"z":1.1745672225952149},"rotation":{"x":-0.2136508971452713,"y":-0.18424902856349946,"z":0.041050560772418979,"w":-0.9585132002830505},"size":1.2234339714050294,"orthographic":false}