{"cameraMode":{"drawMode":0,"name":"Shaded","section":"Shading Mode"},"sceneLighting":false,"audioPlay":false,"sceneViewState":{"showFog":true,"showMaterialUpdate":false,"showSkybox":false,"showFlares":true,"showImageEffects":true,"showParticleSystems":true},"in2DMode":false,"pivot":{"x":-5.097177028656006,"y":0.9187601804733276,"z":-7.371006011962891},"rotation":{"x":0.007628396153450012,"y":-0.9750099778175354,"z":0.03395690768957138,"w":0.21948915719985963},"size":6.612463474273682,"orthographic":false}