{"cameraMode":{"drawMode":0,"name":"Shaded","section":"Shading Mode"},"sceneLighting":false,"audioPlay":false,"sceneViewState":{"showFog":true,"showMaterialUpdate":false,"showSkybox":false,"showFlares":true,"showImageEffects":true,"showParticleSystems":true},"in2DMode":false,"pivot":{"x":-15.774848937988282,"y":6.926593780517578,"z":-13.586132049560547},"rotation":{"x":-0.052340228110551837,"y":0.9420931339263916,"z":-0.28093773126602175,"w":-0.17552296817302705},"size":39.84358596801758,"orthographic":false}