{"cameraMode":{"drawMode":0,"name":"Shaded","section":"Shading Mode"},"sceneLighting":false,"audioPlay":false,"sceneViewState":{"showFog":true,"showMaterialUpdate":false,"showSkybox":false,"showFlares":true,"showImageEffects":true,"showParticleSystems":true},"in2DMode":false,"pivot":{"x":-0.6035950183868408,"y":0.468364953994751,"z":-1.3623849153518677},"rotation":{"x":-0.021721772849559785,"y":0.9752880930900574,"z":-0.1119752749800682,"w":-0.1892881840467453},"size":2.5257503986358644,"orthographic":false}