{"cameraMode":{"drawMode":0,"name":"Shaded","section":"Shading Mode"},"sceneLighting":false,"audioPlay":false,"sceneViewState":{"showFog":true,"showMaterialUpdate":false,"showSkybox":false,"showFlares":true,"showImageEffects":true,"showParticleSystems":true},"in2DMode":false,"pivot":{"x":-1.4603338241577149,"y":1.7086248397827149,"z":1.0818119049072266},"rotation":{"x":0.0664881020784378,"y":-0.8839482069015503,"z":0.13252265751361848,"w":0.4435300827026367},"size":5.407395362854004,"orthographic":false}