{"cameraMode":{"drawMode":0,"name":"Shaded","section":"Shading Mode"},"sceneLighting":false,"audioPlay":false,"sceneViewState":{"showFog":true,"showMaterialUpdate":false,"showSkybox":false,"showFlares":true,"showImageEffects":true,"showParticleSystems":true},"in2DMode":false,"pivot":{"x":224.2699432373047,"y":-70.15009307861328,"z":-1.001463532447815},"rotation":{"x":0.10805856436491013,"y":0.7060948610305786,"z":-0.11000621318817139,"w":0.6912042498588562},"size":120.8127212524414,"orthographic":false}