{"cameraMode":{"drawMode":0,"name":"Shaded","section":"Shading Mode"},"sceneLighting":false,"audioPlay":false,"sceneViewState":{"showFog":true,"showMaterialUpdate":false,"showSkybox":false,"showFlares":true,"showImageEffects":true,"showParticleSystems":true},"in2DMode":false,"pivot":{"x":-0.12734073400497437,"y":1.4330250024795533,"z":-0.07139724493026734},"rotation":{"x":0.010381908155977726,"y":-0.9445953369140625,"z":0.03006364405155182,"w":0.32677510380744936},"size":0.6196348667144775,"orthographic":false}