{"cameraMode":{"drawMode":0,"name":"Shaded","section":"Shading Mode"},"sceneLighting":false,"audioPlay":false,"sceneViewState":{"showFog":true,"showMaterialUpdate":false,"showSkybox":false,"showFlares":true,"showImageEffects":true,"showParticleSystems":true},"in2DMode":false,"pivot":{"x":0.9194917678833008,"y":-0.5148355960845947,"z":0.3664020895957947},"rotation":{"x":0.38107335567474368,"y":0.1829681694507599,"z":-0.07713975012302399,"w":0.9030263423919678},"size":1.084604024887085,"orthographic":false}