{"cameraMode":{"drawMode":0,"name":"Shaded","section":"Shading Mode"},"sceneLighting":false,"audioPlay":false,"sceneViewState":{"showFog":true,"showMaterialUpdate":false,"showSkybox":false,"showFlares":true,"showImageEffects":true,"showParticleSystems":true},"in2DMode":false,"pivot":{"x":-8.584101676940918,"y":3.4868063926696779,"z":0.03705321252346039},"rotation":{"x":0.1463107019662857,"y":-0.7634396553039551,"z":0.1858738511800766,"w":0.6010286808013916},"size":0.5999826192855835,"orthographic":false}