{"cameraMode":{"drawMode":0,"name":"Shaded","section":"Shading Mode"},"sceneLighting":false,"audioPlay":false,"sceneViewState":{"showFog":true,"showMaterialUpdate":false,"showSkybox":false,"showFlares":true,"showImageEffects":true,"showParticleSystems":true},"in2DMode":false,"pivot":{"x":-5.434917449951172,"y":5.652807235717773,"z":65.34820556640625},"rotation":{"x":-0.0797324851155281,"y":0.26488855481147768,"z":-0.022028351202607156,"w":-0.9607746601104736},"size":53.92301559448242,"orthographic":false}