{"cameraMode":{"drawMode":0,"name":"Shaded","section":"Shading Mode"},"sceneLighting":false,"audioPlay":false,"sceneViewState":{"showFog":true,"showMaterialUpdate":false,"showSkybox":false,"showFlares":true,"showImageEffects":true,"showParticleSystems":true},"in2DMode":false,"pivot":{"x":0.5399641394615173,"y":1.599249243736267,"z":-8.264195442199707},"rotation":{"x":0.0003479717706795782,"y":0.9990087151527405,"z":-0.001796137890778482,"w":0.04576876014471054},"size":4.800017356872559,"orthographic":false}