{"cameraMode":{"drawMode":0,"name":"Shaded","section":"Shading Mode"},"sceneLighting":false,"audioPlay":false,"sceneViewState":{"showFog":true,"showMaterialUpdate":false,"showSkybox":false,"showFlares":true,"showImageEffects":true,"showParticleSystems":true},"in2DMode":false,"pivot":{"x":-0.5426105260848999,"y":-0.09122008085250855,"z":0.07563996315002442},"rotation":{"x":0.05389134958386421,"y":-0.9437900185585022,"z":0.194082111120224,"w":0.26214301586151125},"size":0.9000174403190613,"orthographic":false}