{"cameraMode":{"drawMode":0,"name":"Shaded","section":"Shading Mode"},"sceneLighting":false,"audioPlay":false,"sceneViewState":{"showFog":true,"showMaterialUpdate":false,"showSkybox":false,"showFlares":true,"showImageEffects":true,"showParticleSystems":true},"in2DMode":false,"pivot":{"x":-0.07239025831222534,"y":-0.1415567398071289,"z":-0.0807410478591919},"rotation":{"x":-0.305044561624527,"y":-0.2741437554359436,"z":0.09214901179075241,"w":-0.9073750972747803},"size":1.8281128406524659,"orthographic":false}