{"cameraMode":{"drawMode":0,"name":"Shaded","section":"Shading Mode"},"sceneLighting":false,"audioPlay":false,"sceneViewState":{"showFog":true,"showMaterialUpdate":false,"showSkybox":false,"showFlares":true,"showImageEffects":true,"showParticleSystems":true},"in2DMode":false,"pivot":{"x":0.05384737253189087,"y":1.5683350563049317,"z":0.3578198552131653},"rotation":{"x":0.07012404501438141,"y":0.7952284216880798,"z":-0.09371006488800049,"w":0.594928503036499},"size":0.4742494821548462,"orthographic":false}