{"cameraMode":{"drawMode":0,"name":"Shaded","section":"Shading Mode"},"sceneLighting":false,"audioPlay":false,"sceneViewState":{"showFog":true,"showMaterialUpdate":false,"showSkybox":false,"showFlares":true,"showImageEffects":true,"showParticleSystems":true},"in2DMode":false,"pivot":{"x":15.175423622131348,"y":-2.9955031871795656,"z":-4.822815895080566},"rotation":{"x":-0.06992330402135849,"y":-0.7157073020935059,"z":0.0723847970366478,"w":-0.6911484599113464},"size":10.30172061920166,"orthographic":false}