{"cameraMode":{"drawMode":0,"name":"Shaded","section":"Shading Mode"},"sceneLighting":false,"audioPlay":false,"sceneViewState":{"showFog":true,"showMaterialUpdate":false,"showSkybox":false,"showFlares":true,"showImageEffects":true,"showParticleSystems":true},"in2DMode":false,"pivot":{"x":0.27300915122032168,"y":0.08910214900970459,"z":-0.21098321676254273},"rotation":{"x":-0.305044561624527,"y":-0.2741437554359436,"z":0.09214901179075241,"w":-0.9073750972747803},"size":1.2000174522399903,"orthographic":false}