{"cameraMode":{"drawMode":0,"name":"Shaded","section":"Shading Mode"},"sceneLighting":false,"audioPlay":false,"sceneViewState":{"showFog":true,"showMaterialUpdate":false,"showSkybox":false,"showFlares":true,"showImageEffects":true,"showParticleSystems":true},"in2DMode":false,"pivot":{"x":-1.7962099313735963,"y":0.4313995838165283,"z":0.6327986717224121},"rotation":{"x":0.16991381347179414,"y":-0.7158152461051941,"z":0.18684768676757813,"w":0.6510612964630127},"size":1.3324527740478516,"orthographic":false}