{"cameraMode":{"drawMode":0,"name":"Shaded","section":"Shading Mode"},"sceneLighting":false,"audioPlay":false,"sceneViewState":{"showFog":true,"showMaterialUpdate":false,"showSkybox":false,"showFlares":true,"showImageEffects":true,"showParticleSystems":true},"in2DMode":false,"pivot":{"x":0.9669836759567261,"y":-1.5484333038330079,"z":2.51943302154541},"rotation":{"x":-0.3196251392364502,"y":0.050280265510082248,"z":-0.016987135633826257,"w":-0.9460580945014954},"size":11.369973182678223,"orthographic":false}