{"cameraMode":{"drawMode":0,"name":"Shaded","section":"Shading Mode"},"sceneLighting":false,"audioPlay":false,"sceneViewState":{"showFog":true,"showMaterialUpdate":false,"showSkybox":false,"showFlares":true,"showImageEffects":true,"showParticleSystems":true},"in2DMode":false,"pivot":{"x":1.9919464588165284,"y":1.326541781425476,"z":0.3079438805580139},"rotation":{"x":0.10572569072246552,"y":-0.7729461193084717,"z":0.13373424112796784,"w":0.6111847758293152},"size":0.1675472855567932,"orthographic":false}