{"cameraMode":{"drawMode":0,"name":"Shaded","section":"Shading Mode"},"sceneLighting":false,"audioPlay":false,"sceneViewState":{"showFog":true,"showMaterialUpdate":false,"showSkybox":false,"showFlares":true,"showImageEffects":true,"showParticleSystems":true},"in2DMode":false,"pivot":{"x":-0.3477684557437897,"y":1.4098200798034669,"z":-0.2928299903869629},"rotation":{"x":-0.04560616984963417,"y":0.949286699295044,"z":-0.26457318663597109,"w":-0.1636347770690918},"size":0.7183219194412231,"orthographic":false}