{"cameraMode":{"drawMode":0,"name":"Shaded","section":"Shading Mode"},"sceneLighting":false,"audioPlay":false,"sceneViewState":{"showFog":true,"showMaterialUpdate":false,"showSkybox":false,"showFlares":true,"showImageEffects":true,"showParticleSystems":true},"in2DMode":false,"pivot":{"x":0.0922996997833252,"y":2.8989996910095217,"z":7.6560893058776859},"rotation":{"x":-0.04596491903066635,"y":0.899790346622467,"z":-0.09783861041069031,"w":-0.4227237105369568},"size":13.325398445129395,"orthographic":false}