{"cameraMode":{"drawMode":0,"name":"Shaded","section":"Shading Mode"},"sceneLighting":false,"audioPlay":false,"sceneViewState":{"showFog":true,"showMaterialUpdate":false,"showSkybox":false,"showFlares":true,"showImageEffects":true,"showParticleSystems":true},"in2DMode":false,"pivot":{"x":1.2462539672851563,"y":-9.255414962768555,"z":-19.653879165649415},"rotation":{"x":0.006335366051644087,"y":0.9712902903556824,"z":-0.23646487295627595,"w":0.025903409346938134},"size":12.59880256652832,"orthographic":false}