{"cameraMode":{"drawMode":0,"name":"Shaded","section":"Shading Mode"},"sceneLighting":true,"audioPlay":false,"sceneViewState":{"m_AlwaysRefresh":false,"showFog":true,"showSkybox":true,"showFlares":true,"showImageEffects":true,"showParticleSystems":true,"showVisualEffectGraphs":true,"m_FxEnabled":true},"in2DMode":false,"pivot":{"x":0.5784155130386353,"y":1.2965331077575684,"z":-1.2866519689559937},"rotation":{"x":0.004815018270164728,"y":0.9839504957199097,"z":-0.1763152927160263,"w":0.02686949260532856},"size":0.9722914695739746,"orthographic":false}