{"cameraMode":{"drawMode":0,"name":"Shaded","section":"Shading Mode"},"sceneLighting":true,"audioPlay":false,"sceneViewState":{"m_AlwaysRefresh":false,"showFog":true,"showSkybox":true,"showFlares":true,"showImageEffects":true,"showParticleSystems":true,"showVisualEffectGraphs":true,"m_FxEnabled":true},"in2DMode":false,"pivot":{"x":0.4672565460205078,"y":3.739983081817627,"z":-0.03723853826522827},"rotation":{"x":0.004815018270164728,"y":0.9839504957199097,"z":-0.1763152927160263,"w":0.02686949260532856},"size":4.839190483093262,"orthographic":false}