{"cameraMode":{"drawMode":0,"name":"Shaded","section":"Shading Mode"},"sceneLighting":false,"audioPlay":false,"sceneViewState":{"m_AlwaysRefresh":false,"showFog":true,"showSkybox":false,"showFlares":true,"showImageEffects":true,"showParticleSystems":true,"showVisualEffectGraphs":true,"m_FxEnabled":true},"in2DMode":false,"pivot":{"x":50.00008010864258,"y":47.39871597290039,"z":-0.005300357937812805},"rotation":{"x":0.06593332439661026,"y":-0.02394537627696991,"z":0.0015827351016923786,"w":0.9975348711013794},"size":0.24594926834106446,"orthographic":true}