{"cameraMode":{"drawMode":0,"name":"Shaded","section":"Shading Mode"},"sceneLighting":false,"audioPlay":false,"sceneViewState":{"showFog":true,"showMaterialUpdate":false,"showSkybox":false,"showFlares":true,"showImageEffects":true,"showParticleSystems":true},"in2DMode":false,"pivot":{"x":2.6694421768188478,"y":1.680067539215088,"z":2.565249443054199},"rotation":{"x":-0.018413690850138665,"y":0.95271235704422,"z":-0.058962393552064899,"w":-0.2975292205810547},"size":2.8717663288116457,"orthographic":false}