{"cameraMode":{"drawMode":0,"name":"Shaded","section":"Shading Mode"},"sceneLighting":false,"audioPlay":false,"sceneViewState":{"showFog":true,"showMaterialUpdate":false,"showSkybox":false,"showFlares":true,"showImageEffects":true,"showParticleSystems":true},"in2DMode":false,"pivot":{"x":0.022546768188476564,"y":0.4840352535247803,"z":0.2854175567626953},"rotation":{"x":0.04696965217590332,"y":-0.600165069103241,"z":0.035336028784513476,"w":0.7977136969566345},"size":3.3787176609039308,"orthographic":false}