{"cameraMode":{"drawMode":0,"name":"Shaded","section":"Shading Mode"},"sceneLighting":false,"audioPlay":false,"sceneViewState":{"showFog":true,"showMaterialUpdate":false,"showSkybox":false,"showFlares":true,"showImageEffects":true,"showParticleSystems":true},"in2DMode":false,"pivot":{"x":0.321380615234375,"y":3.4197158813476564,"z":5.899013519287109},"rotation":{"x":-0.23287367820739747,"y":-0.5554550886154175,"z":0.16564442217350007,"w":-0.780897855758667},"size":43.35001754760742,"orthographic":false}