{"cameraMode":{"drawMode":0,"name":"Shaded","section":"Shading Mode"},"sceneLighting":false,"audioPlay":false,"sceneViewState":{"showFog":true,"showMaterialUpdate":false,"showSkybox":false,"showFlares":true,"showImageEffects":true,"showParticleSystems":true},"in2DMode":false,"pivot":{"x":0.4332106113433838,"y":1.3484981060028077,"z":0.7613472938537598},"rotation":{"x":-0.022358467802405359,"y":0.9335996508598328,"z":-0.059185001999139789,"w":-0.3526882529258728},"size":2.132763624191284,"orthographic":false}