{"cameraMode":{"drawMode":0,"name":"Shaded","section":"Shading Mode"},"sceneLighting":false,"audioPlay":false,"sceneViewState":{"showFog":true,"showMaterialUpdate":false,"showSkybox":false,"showFlares":true,"showImageEffects":true,"showParticleSystems":true},"in2DMode":false,"pivot":{"x":-1.9430656433105469,"y":2.9213104248046877,"z":43.55052947998047},"rotation":{"x":-0.2928800582885742,"y":0.6319339275360107,"z":-0.2801724374294281,"w":-0.6605938076972961},"size":73.05435943603516,"orthographic":false}