{"cameraMode":{"drawMode":0,"name":"Shaded","section":"Shading Mode"},"sceneLighting":false,"audioPlay":false,"sceneViewState":{"showFog":true,"showMaterialUpdate":false,"showSkybox":false,"showFlares":true,"showImageEffects":true,"showParticleSystems":true},"in2DMode":false,"pivot":{"x":-0.7838802337646484,"y":0.12058162689208985,"z":10.151351928710938},"rotation":{"x":0.21314342319965363,"y":-0.6345577836036682,"z":0.18819642066955567,"w":0.7186713218688965},"size":23.273204803466798,"orthographic":false}