{"cameraMode":{"drawMode":0,"name":"Shaded","section":"Shading Mode"},"sceneLighting":false,"audioPlay":false,"sceneViewState":{"showFog":true,"showMaterialUpdate":false,"showSkybox":false,"showFlares":true,"showImageEffects":true,"showParticleSystems":true},"in2DMode":false,"pivot":{"x":0.022501707077026368,"y":0.20875751972198487,"z":0.5447753667831421},"rotation":{"x":-0.24260270595550538,"y":0.56153404712677,"z":-0.17666681110858918,"w":-0.7711111307144165},"size":3.3000569343566896,"orthographic":false}