{"cameraMode":{"drawMode":0,"name":"Shaded","section":"Shading Mode"},"sceneLighting":false,"audioPlay":false,"sceneViewState":{"showFog":true,"showMaterialUpdate":false,"showSkybox":false,"showFlares":true,"showImageEffects":true,"showParticleSystems":true},"in2DMode":false,"pivot":{"x":-0.7667217254638672,"y":-0.4829578399658203,"z":4.523403644561768},"rotation":{"x":0.20050881803035737,"y":0.6446157097816467,"z":-0.18070606887340547,"w":0.7152707576751709},"size":21.6849308013916,"orthographic":false}