{"cameraMode":{"drawMode":0,"name":"Shaded","section":"Shading Mode"},"sceneLighting":false,"audioPlay":false,"sceneViewState":{"showFog":true,"showMaterialUpdate":false,"showSkybox":false,"showFlares":true,"showImageEffects":true,"showParticleSystems":true},"in2DMode":false,"pivot":{"x":-0.32887816429138186,"y":2.9083075523376467,"z":-0.5514470338821411},"rotation":{"x":-0.134400874376297,"y":0.5790562629699707,"z":-0.09749796986579895,"w":-0.7982007265090942},"size":6.958546161651611,"orthographic":false}