{"cameraMode":{"drawMode":0,"name":"Shaded","section":"Shading Mode"},"sceneLighting":false,"audioPlay":false,"sceneViewState":{"showFog":true,"showMaterialUpdate":false,"showSkybox":false,"showFlares":true,"showImageEffects":true,"showParticleSystems":true},"in2DMode":false,"pivot":{"x":-0.004511954262852669,"y":0.5061577558517456,"z":0.004354998469352722},"rotation":{"x":-0.0019262215355411172,"y":0.9968794584274292,"z":-0.025736289098858835,"w":-0.07460154592990875},"size":0.015014886856079102,"orthographic":false}