{"cameraMode":{"drawMode":0,"name":"Shaded","section":"Shading Mode"},"sceneLighting":false,"audioPlay":false,"sceneViewState":{"showFog":true,"showMaterialUpdate":false,"showSkybox":false,"showFlares":true,"showImageEffects":true,"showParticleSystems":true},"in2DMode":false,"pivot":{"x":0.4107933044433594,"y":-9.336112976074219,"z":1.1253929138183594},"rotation":{"x":-0.02390921115875244,"y":0.9689723253250122,"z":-0.10389097034931183,"w":-0.22299695014953614},"size":54.04246139526367,"orthographic":false}