{"cameraMode":{"drawMode":0,"name":"Shaded","section":"Shading Mode"},"sceneLighting":false,"audioPlay":false,"sceneViewState":{"showFog":true,"showMaterialUpdate":false,"showSkybox":false,"showFlares":true,"showImageEffects":true,"showParticleSystems":true},"in2DMode":false,"pivot":{"x":0.0922996997833252,"y":2.8989996910095217,"z":14.504382133483887},"rotation":{"x":-0.040139090269804,"y":0.9598280191421509,"z":-0.2003791183233261,"w":-0.19226863980293275},"size":58.523223876953128,"orthographic":false}