{"cameraMode":{"drawMode":0,"name":"Shaded","section":"Shading Mode"},"sceneLighting":false,"audioPlay":false,"sceneViewState":{"showFog":true,"showMaterialUpdate":false,"showSkybox":false,"showFlares":true,"showImageEffects":true,"showParticleSystems":true},"in2DMode":false,"pivot":{"x":-0.3283836841583252,"y":1.1721736192703248,"z":0.5248450636863709},"rotation":{"x":0.039786551147699359,"y":0.3192303478717804,"z":-0.013415860012173653,"w":0.946749746799469},"size":1.4048805236816407,"orthographic":false}