{"cameraMode":{"drawMode":0,"name":"Shaded","section":"Shading Mode"},"sceneLighting":false,"audioPlay":false,"sceneViewState":{"showFog":true,"showMaterialUpdate":false,"showSkybox":false,"showFlares":true,"showImageEffects":true,"showParticleSystems":true},"in2DMode":false,"pivot":{"x":0.0922996997833252,"y":2.8989996910095217,"z":7.6560893058776859},"rotation":{"x":-0.0029547547455877067,"y":0.9842911958694458,"z":-0.016546912491321565,"w":-0.17575658857822419},"size":13.325398445129395,"orthographic":false}