{"cameraMode":{"drawMode":0,"name":"Shaded","section":"Shading Mode"},"sceneLighting":false,"audioPlay":false,"sceneViewState":{"showFog":true,"showMaterialUpdate":false,"showSkybox":false,"showFlares":true,"showImageEffects":true,"showParticleSystems":true},"in2DMode":false,"pivot":{"x":-0.0072203874588012699,"y":1.1181693077087403,"z":0.04668384790420532},"rotation":{"x":-0.0029547547455877067,"y":0.9842911958694458,"z":-0.016546912491321565,"w":-0.17575658857822419},"size":1.6871474981307984,"orthographic":false}