{"cameraMode":{"drawMode":0,"name":"Shaded","section":"Shading Mode"},"sceneLighting":false,"audioPlay":false,"sceneViewState":{"showFog":true,"showMaterialUpdate":false,"showSkybox":false,"showFlares":true,"showImageEffects":true,"showParticleSystems":true},"in2DMode":false,"pivot":{"x":0.0922996997833252,"y":2.686048984527588,"z":13.47424030303955},"rotation":{"x":-0.04649896174669266,"y":0.9514616131782532,"z":-0.18082469701766969,"w":-0.2446707934141159},"size":18.710094451904298,"orthographic":false}