{"cameraMode":{"drawMode":0,"name":"Shaded","section":"Shading Mode"},"sceneLighting":false,"audioPlay":false,"sceneViewState":{"showFog":true,"showMaterialUpdate":false,"showSkybox":false,"showFlares":true,"showImageEffects":true,"showParticleSystems":true},"in2DMode":false,"pivot":{"x":-0.7322331070899963,"y":0.2651435136795044,"z":-1.644883632659912},"rotation":{"x":0.007873314432799816,"y":-0.9907410740852356,"z":0.06579232960939408,"w":0.11856532841920853},"size":2.110518217086792,"orthographic":false}