{"cameraMode":{"drawMode":0,"name":"Shaded","section":"Shading Mode"},"sceneLighting":false,"audioPlay":false,"sceneViewState":{"showFog":true,"showMaterialUpdate":false,"showSkybox":false,"showFlares":true,"showImageEffects":true,"showParticleSystems":true},"in2DMode":false,"pivot":{"x":-0.000010295887477695942,"y":0.0008615427068434656,"z":0.0000010350486263632775},"rotation":{"x":-0.061432451009750369,"y":0.9385380148887634,"z":-0.23596259951591493,"w":-0.24435214698314668},"size":-0.6160973310470581,"orthographic":false}