{"cameraMode":{"drawMode":0,"name":"Shaded","section":"Shading Mode"},"sceneLighting":false,"audioPlay":false,"sceneViewState":{"showFog":true,"showMaterialUpdate":false,"showSkybox":false,"showFlares":true,"showImageEffects":true,"showParticleSystems":true},"in2DMode":false,"pivot":{"x":0.0058695971965789799,"y":0.20247003436088563,"z":0.0021696239709854128},"rotation":{"x":-0.0763549655675888,"y":0.9108959436416626,"z":-0.19587484002113343,"w":-0.3550851047039032},"size":1.161867380142212,"orthographic":false}