{"cameraMode":{"drawMode":0,"name":"Shaded","section":"Shading Mode"},"sceneLighting":false,"audioPlay":false,"sceneViewState":{"showFog":true,"showMaterialUpdate":false,"showSkybox":false,"showFlares":true,"showImageEffects":true,"showParticleSystems":true},"in2DMode":false,"pivot":{"x":0.03344741463661194,"y":0.1541784107685089,"z":0.0890079140663147},"rotation":{"x":-0.04601247236132622,"y":0.9535136222839356,"z":-0.19458751380443574,"w":-0.22547221183776856},"size":0.5110495090484619,"orthographic":false}