{"cameraMode":{"drawMode":0,"name":"Shaded","section":"Shading Mode"},"sceneLighting":false,"audioPlay":false,"sceneViewState":{"showFog":true,"showMaterialUpdate":false,"showSkybox":false,"showFlares":true,"showImageEffects":true,"showParticleSystems":true},"in2DMode":false,"pivot":{"x":-1.1588672399520875,"y":-0.7380650043487549,"z":-2.2958781719207765},"rotation":{"x":0.0343729667365551,"y":-0.962332010269165,"z":0.14574700593948365,"w":0.22695539891719819},"size":1.9909400939941407,"orthographic":false}