{"cameraMode":{"drawMode":0,"name":"Shaded","section":"Shading Mode"},"sceneLighting":false,"audioPlay":false,"sceneViewState":{"showFog":true,"showMaterialUpdate":false,"showSkybox":false,"showFlares":true,"showImageEffects":true,"showParticleSystems":true},"in2DMode":false,"pivot":{"x":-0.0010295510292053223,"y":0.08651860803365708,"z":0.00010354816913604736},"rotation":{"x":-0.0763549655675888,"y":0.9108959436416626,"z":-0.19587484002113343,"w":-0.3550851047039032},"size":0.7700173258781433,"orthographic":false}