{"cameraMode":{"drawMode":0,"name":"Shaded","section":"Shading Mode"},"sceneLighting":false,"audioPlay":false,"sceneViewState":{"m_AlwaysRefresh":false,"showFog":true,"showSkybox":false,"showFlares":true,"showImageEffects":true,"showParticleSystems":true,"showVisualEffectGraphs":true,"m_FxEnabled":true},"in2DMode":false,"pivot":{"x":50.044193267822269,"y":0.06530913710594177,"z":0.16751629114151},"rotation":{"x":-0.033277008682489398,"y":0.03956468030810356,"z":-0.0013188270386308432,"w":-0.9986572861671448},"size":0.2884155809879303,"orthographic":false}