{"cameraMode":{"drawMode":0,"name":"Shaded","section":"Shading Mode"},"sceneLighting":false,"audioPlay":false,"sceneViewState":{"m_AlwaysRefresh":false,"showFog":true,"showSkybox":false,"showFlares":true,"showImageEffects":true,"showParticleSystems":true,"showVisualEffectGraphs":true,"m_FxEnabled":true},"in2DMode":false,"pivot":{"x":-0.5630044937133789,"y":1.310765266418457,"z":-0.6090488433837891},"rotation":{"x":0.015923764556646348,"y":0.9818979501724243,"z":-0.16229867935180665,"w":0.09633778035640717},"size":1.3613901138305665,"orthographic":false}