{"cameraMode":{"drawMode":0,"name":"Shaded","section":"Shading Mode"},"sceneLighting":false,"audioPlay":false,"sceneViewState":{"m_AlwaysRefresh":false,"showFog":true,"showSkybox":false,"showFlares":true,"showImageEffects":true,"showParticleSystems":true,"showVisualEffectGraphs":true,"m_FxEnabled":true},"in2DMode":false,"pivot":{"x":0.30244365334510805,"y":1.975109577178955,"z":0.07642292976379395},"rotation":{"x":0.025777913630008699,"y":-0.9391077756881714,"z":0.0722748190164566,"w":0.3349531888961792},"size":0.42294806241989138,"orthographic":false}