{"cameraMode":{"drawMode":0,"name":"Shaded","section":"Shading Mode"},"sceneLighting":false,"audioPlay":false,"sceneViewState":{"m_AlwaysRefresh":false,"showFog":true,"showSkybox":false,"showFlares":true,"showImageEffects":true,"showParticleSystems":true,"showVisualEffectGraphs":true,"m_FxEnabled":true},"in2DMode":false,"pivot":{"x":0.014152050018310547,"y":-0.015417516231536866,"z":0.006361931562423706},"rotation":{"x":0.019869273528456689,"y":0.9642391204833984,"z":-0.075663723051548,"w":0.2532083988189697},"size":0.48570507764816286,"orthographic":false}